,jobId,companyId,ReviewsCount,AggregateRating,min_salary,max_salary,min_experience,max_experience,experience_years,salary_mid
jobId,1.0,-0.01807537004730368,0.11766583111693069,0.03135848753741021,-0.015712957791476096,-0.019202280260271046,0.06100913740076666,0.052352297147745745,0.057071372856902364,-0.017912202375859373
companyId,-0.01807537004730368,1.0,-0.23398233494188916,0.03155283305749457,0.0143186882033252,0.01590310226214271,-0.12735977547196903,-0.12527067994844351,-0.12817889322942266,0.015361678799885621
ReviewsCount,0.11766583111693069,-0.23398233494188916,1.0,0.012396330840371722,-0.11946083450168798,-0.12971755100267485,0.18813956286743058,0.15231272301658375,0.17088659949529847,-0.12618035876160097
AggregateRating,0.03135848753741021,0.03155283305749457,0.012396330840371722,1.0,-0.03599020933660898,-0.03793729917522433,-0.0021653852284304097,0.007165726590462697,0.003042727958698035,-0.03733144793280768
min_salary,-0.015712957791476096,0.0143186882033252,-0.11946083450168798,-0.03599020933660898,1.0,0.9745283496128261,0.14380031044366806,0.16612803954510486,0.15868738511861616,0.9908303783764493
max_salary,-0.019202280260271046,0.01590310226214271,-0.12971755100267485,-0.03793729917522433,0.9745283496128261,1.0,0.12775240507293303,0.15956408697189267,0.14775133110306857,0.9958930216384831
min_experience,0.06100913740076666,-0.12735977547196903,0.18813956286743058,-0.0021653852284304097,0.14380031044366806,0.12775240507293303,1.0,0.9378114377403242,0.9805361339356874,0.13502012881278222
max_experience,0.052352297147745745,-0.12527067994844351,0.15231272301658375,0.007165726590462697,0.16612803954510486,0.15956408697189267,0.9378114377403242,1.0,0.9877160197893812,0.1631995180407823
experience_years,0.057071372856902364,-0.12817889322942266,0.17088659949529847,0.003042727958698035,0.15868738511861616,0.14775133110306857,0.9805361339356874,0.9877160197893812,1.0,0.15307886590074274
salary_mid,-0.017912202375859373,0.015361678799885621,-0.12618035876160097,-0.03733144793280768,0.9908303783764493,0.9958930216384831,0.13502012881278222,0.1631995180407823,0.15307886590074274,1.0
